{
    "accuracy": 0.6568181818181819,
    "precision": 0.621822033898305,
    "recall_sensitivity": 0.8004545454545454,
    "specificity": 0.5131818181818182,
    "f1_score": 0.6999205087440381,
    "roc_auc": 0.7215634297520661,
    "tp": 1761,
    "tn": 1129,
    "fp": 1071,
    "fn": 439,
    "model_name": "DenseNet201",
    "training_time_sec": 31080.009851694107
}