{
    "accuracy": 0.6602272727272728,
    "precision": 0.6432344575375863,
    "recall_sensitivity": 0.7195454545454546,
    "specificity": 0.600909090909091,
    "f1_score": 0.6792533791031967,
    "roc_auc": 0.716306714876033,
    "tp": 1583,
    "tn": 1322,
    "fp": 878,
    "fn": 617,
    "model_name": "ResNet50V2",
    "training_time_sec": 17757.440878391266
}