{
    "accuracy": 0.6513636363636364,
    "precision": 0.6194404591104734,
    "recall_sensitivity": 0.785,
    "specificity": 0.5177272727272727,
    "f1_score": 0.6924619085805934,
    "roc_auc": 0.7152651859504132,
    "tp": 1727,
    "tn": 1139,
    "fp": 1061,
    "fn": 473,
    "model_name": "VGG19",
    "training_time_sec": 55119.682052373886
}